{
  "Provider": "aws",
  "CheckID": "ecr_repositories_scan_vulnerabilities_in_latest_image",
  "CheckTitle": "Check if ECR image scan found vulnerabilities in the newest image version",
  "CheckType": [
    "Identify",
    "Vulnerability, patch, and version management"
  ],
  "ServiceName": "ecr",
  "SubServiceName": "",
  "ResourceIdTemplate": "arn:partition:service:region:account-id:resource-id",
  "Severity": "medium",
  "ResourceType": "AwsEcrRepository",
  "Description": "Check if ECR image scan found vulnerabilities in the newest image version",
  "Risk": "Amazon ECR image scanning helps in identifying software vulnerabilities in your container images. Amazon ECR uses the Common Vulnerabilities and Exposures (CVEs) database from the open-source Clair project and provides a list of scan findings.",
  "RelatedUrl": "",
  "Remediation": {
    "Code": {
      "CLI": "",
      "NativeIaC": "",
      "Other": "",
      "Terraform": ""
    },
    "Recommendation": {
      "Text": "Open the Amazon ECR console. Then look for vulnerabilities and fix them.",
      "Url": "https://docs.aws.amazon.com/AmazonECR/latest/userguide/image-scanning.html#describe-scan-findings"
    }
  },
  "Categories": [],
  "DependsOn": [],
  "RelatedTo": [],
  "Notes": ""
}
