{
  "Provider": "aws",
  "CheckID": "apigatewayv2_access_logging_enabled",
  "CheckTitle": "Ensure API Gateway V2 has Access Logging enabled.",
  "CheckType": [
    "IAM"
  ],
  "ServiceName": "apigateway",
  "SubServiceName": "rest_api",
  "ResourceIdTemplate": "arn:partition:service:region:account-id:resource-id",
  "Severity": "medium",
  "ResourceType": "AwsApiGatewayV2Api",
  "Description": "Ensure API Gateway V2 has Access Logging enabled.",
  "Risk": "If no authorizer is enabled anyone can use the service.",
  "RelatedUrl": "",
  "Remediation": {
    "Code": {
      "CLI": "",
      "NativeIaC": "",
      "Other": "https://docs.bridgecrew.io/docs/bc_aws_logging_30#aws-console",
      "Terraform": "https://docs.bridgecrew.io/docs/bc_aws_logging_30#cloudformation"
    },
    "Recommendation": {
      "Text": "Implement Amazon Cognito or a Lambda function to control access to your API.",
      "Url": "https://docs.aws.amazon.com/apigatewayv2/latest/api-reference/apis-apiid-authorizers.html"
    }
  },
  "Categories": [],
  "DependsOn": [],
  "RelatedTo": [],
  "Notes": ""
}
