{
  "Provider": "aws",
  "CheckID": "eks_cluster_kms_cmk_encryption_in_secrets_enabled",
  "CheckTitle": "Ensure Kubernetes Secrets are encrypted using Customer Master Keys (CMKs)",
  "CheckType": [
    "Protect",
    "Data protection"
  ],
  "ServiceName": "eks",
  "SubServiceName": "",
  "ResourceIdTemplate": "arn:partition:service:region:account-id:resource-id",
  "Severity": "medium",
  "ResourceType": "AwsEksCluster",
  "Description": "Ensure Kubernetes Secrets are encrypted using Customer Master Keys (CMKs)",
  "Risk": "Implementing envelope encryption is considered a security best practice for applications that store sensitive data and is part of a defense in depth security strategy.",
  "RelatedUrl": "",
  "Remediation": {
    "Code": {
      "CLI": "https://www.trendmicro.com/cloudoneconformity/knowledge-base/aws/EKS/enable-envelope-encryption.html",
      "NativeIaC": "https://docs.bridgecrew.io/docs/bc_aws_kubernetes_3#fix---builtime",
      "Other": "",
      "Terraform": ""
    },
    "Recommendation": {
      "Text": "Setup your own Customer Master Key (CMK) in KMS and link this key by providing the CMK ARN when you create an EKS cluster.",
      "Url": "https://docs.aws.amazon.com/eks/latest/userguide/create-cluster.html"
    }
  },
  "Categories": [
    "encryption"
  ],
  "DependsOn": [],
  "RelatedTo": [],
  "Notes": ""
}
