{
  "Provider": "aws",
  "CheckID": "elbv2_waf_acl_attached",
  "CheckTitle": "Check if Application Load Balancer has a WAF ACL attached.",
  "CheckType": [
    "Infrastructure Security"
  ],
  "ServiceName": "elbv2",
  "SubServiceName": "",
  "ResourceIdTemplate": "arn:partition:service:region:account-id:resource-id",
  "Severity": "medium",
  "ResourceType": "AwsElasticLoadBalancingV2LoadBalancer",
  "Description": "Check if Application Load Balancer has a WAF ACL attached.",
  "Risk": "If not WAF ACL is attached risk of web attacks increases.",
  "RelatedUrl": "",
  "Remediation": {
    "Code": {
      "CLI": "",
      "NativeIaC": "",
      "Other": "",
      "Terraform": ""
    },
    "Recommendation": {
      "Text": "Using the AWS Management Console open the AWS WAF console to attach an ACL.",
      "Url": "https://docs.aws.amazon.com/waf/latest/developerguide/web-acl-associating-aws-resource.html"
    }
  },
  "Categories": [],
  "DependsOn": [],
  "RelatedTo": [],
  "Notes": ""
}
