{
  "Provider": "aws",
  "CheckID": "autoscaling_find_secrets_ec2_launch_configuration",
  "CheckTitle": "Find secrets in EC2 Auto Scaling Launch Configuration",
  "CheckType": [
    "IAM"
  ],
  "ServiceName": "autoscaling",
  "SubServiceName": "",
  "ResourceIdTemplate": "arn:partition:access-analyzer:region:account-id:analyzer/resource-id",
  "Severity": "critical",
  "ResourceType": "Other",
  "Description": "Find secrets in EC2 Auto Scaling Launch Configuration",
  "Risk": "The use of a hard-coded password increases the possibility of password guessing.  If hard-coded passwords are used, it is possible that malicious users gain access through the account in question.",
  "RelatedUrl": "",
  "Remediation": {
    "Code": {
      "CLI": "",
      "NativeIaC": "",
      "Other": "",
      "Terraform": ""
    },
    "Recommendation": {
      "Text": "Do not include sensitive information in user data within the launch configuration, try to use Secrets Manager instead.",
      "Url": "https://docs.aws.amazon.com/secretsmanager/latest/userguide/intro.html"
    }
  },
  "Categories": [
    "secrets"
  ],
  "DependsOn": [],
  "RelatedTo": [],
  "Notes": ""
}
