{
  "Provider": "aws",
  "CheckID": "directoryservice_supported_mfa_radius_enabled",
  "CheckTitle": "Ensure Multi-Factor Authentication (MFA) using Radius Server is enabled in DS.",
  "CheckType": [],
  "ServiceName": "directoryservice",
  "SubServiceName": "",
  "ResourceIdTemplate": "arn:partition:codeartifact:region:account-id:directory/directory-id",
  "Severity": "medium",
  "ResourceType": "AwsDirectoryService",
  "Description": "Ensure Multi-Factor Authentication (MFA) using Radius Server is enabled in DS.",
  "Risk": "Multi-Factor Authentication (MFA) adds an extra layer of authentication assurance beyond traditional username and password.",
  "RelatedUrl": "https://docs.aws.amazon.com/directoryservice/latest/admin-guide/ms_ad_mfa.html",
  "Remediation": {
    "Code": {
      "CLI": "",
      "NativeIaC": "",
      "Other": "",
      "Terraform": ""
    },
    "Recommendation": {
      "Text": "Enabling MFA provides increased security to a user name and password as it requires the user to possess a solution that displays a time-sensitive authentication code.",
      "Url": "https://docs.aws.amazon.com/directoryservice/latest/admin-guide/ms_ad_mfa.html"
    }
  },
  "Categories": [],
  "DependsOn": [],
  "RelatedTo": [],
  "Notes": ""
}
