{
  "Provider": "aws",
  "CheckID": "ec2_securitygroup_allow_wide_open_public_ipv4",
  "CheckTitle": "Ensure no security groups allow ingress from 0.0.0.0/0 or ::/0 to Kafka port 9092.",
  "CheckType": [
    "Infrastructure Security"
  ],
  "ServiceName": "ec2",
  "SubServiceName": "securitygroup",
  "ResourceIdTemplate": "arn:partition:service:region:account-id:resource-id",
  "Severity": "high",
  "ResourceType": "AwsEc2SecurityGroup",
  "Description": "Ensure no security groups allow ingress from 0.0.0.0/0 or ::/0 to Kafka port 9092.",
  "Risk": "If Security groups are not properly configured the attack surface is increased.",
  "RelatedUrl": "",
  "Remediation": {
    "Code": {
      "CLI": "",
      "NativeIaC": "",
      "Other": "",
      "Terraform": ""
    },
    "Recommendation": {
      "Text": "Use a Zero Trust approach. Narrow ingress traffic as much as possible. Consider north-south as well as east-west traffic.",
      "Url": "https://docs.aws.amazon.com/vpc/latest/userguide/VPC_SecurityGroups.html"
    }
  },
  "Categories": [
    "internet-exposed"
  ],
  "DependsOn": [],
  "RelatedTo": [],
  "Notes": ""
}
