{
  "Provider": "aws",
  "CheckID": "elbv2_listeners_underneath",
  "CheckTitle": "Check if ELBV2 has listeners underneath.",
  "CheckType": [
    "Data Protection"
  ],
  "ServiceName": "elbv2",
  "SubServiceName": "",
  "ResourceIdTemplate": "arn:partition:service:region:account-id:resource-id",
  "Severity": "medium",
  "ResourceType": "AwsElasticLoadBalancingV2LoadBalancer",
  "Description": "Check if ELBV2 has listeners underneath.",
  "Risk": "The rules that are defined for a listener determine how the load balancer routes requests to its registered targets.",
  "RelatedUrl": "",
  "Remediation": {
    "Code": {
      "CLI": "",
      "NativeIaC": "",
      "Other": "",
      "Terraform": ""
    },
    "Recommendation": {
      "Text": "Add listeners to Elastic Load Balancers V2.",
      "Url": "https://docs.aws.amazon.com/elasticloadbalancing/latest/application/load-balancer-listeners.html"
    }
  },
  "Categories": [],
  "DependsOn": [],
  "RelatedTo": [],
  "Notes": ""
}
