{
  "Provider": "aws",
  "CheckID": "glue_database_connections_ssl_enabled",
  "CheckTitle": "Check if Glue database connection has SSL connection enabled.",
  "CheckType": [
    "Software and Configuration Checks/Industry and Regulatory Standards/CIS AWS Foundations Benchmark"
  ],
  "ServiceName": "glue",
  "SubServiceName": "",
  "ResourceIdTemplate": "arn:partition:glue:region:account-id:certificate/resource-id",
  "Severity": "medium",
  "ResourceType": "AwsGlue",
  "Description": "Check if Glue database connection has SSL connection enabled.",
  "Risk": "Data exfiltration could happen if information is not protected in transit.",
  "RelatedUrl": "https://docs.aws.amazon.com/glue/latest/dg/encryption-in-transit.html",
  "Remediation": {
    "Code": {
      "CLI": "",
      "NativeIaC": "",
      "Other": "",
      "Terraform": ""
    },
    "Recommendation": {
      "Text": "Configure encryption settings for crawlers, ETL jobs and development endpoints using security configurations in AWS Glue.",
      "Url": "https://docs.aws.amazon.com/glue/latest/dg/encryption-in-transit.html"
    }
  },
  "Categories": [
    "encryption"
  ],
  "DependsOn": [],
  "RelatedTo": [],
  "Notes": "Data Protection"
}
