{
  "Provider": "aws",
  "CheckID": "emr_cluster_publicly_accesible",
  "CheckTitle": "Publicly accessible EMR Cluster.",
  "CheckType": [],
  "ServiceName": "emr",
  "SubServiceName": "",
  "ResourceIdTemplate": "arn:aws:emr:region:account-id",
  "Severity": "medium",
  "ResourceType": "AwsEMR",
  "Description": "Publicly accessible EMR Cluster.",
  "Risk": "EMR Clusters should not be publicly accessible.",
  "RelatedUrl": "https://docs.aws.amazon.com/emr/latest/ManagementGuide/emr-block-public-access.html",
  "Remediation": {
    "Code": {
      "CLI": "",
      "NativeIaC": "",
      "Other": "",
      "Terraform": "https://docs.bridgecrew.io/docs/ensure-that-amazon-emr-clusters-security-groups-are-not-open-to-the-world#terraform"
    },
    "Recommendation": {
      "Text": "Only make acceptable EMR clusters public.",
      "Url": "https://docs.aws.amazon.com/emr/latest/ManagementGuide/emr-block-public-access.html"
    }
  },
  "Categories": [],
  "DependsOn": [],
  "RelatedTo": [],
  "Notes": ""
}
