{
  "Provider": "aws",
  "CheckID": "iam_administrator_access_with_mfa",
  "CheckTitle": "Ensure users of groups with AdministratorAccess policy have MFA tokens enabled",
  "CheckType": [
    "Infrastructure Security"
  ],
  "ServiceName": "iam",
  "SubServiceName": "",
  "ResourceIdTemplate": "arn:partition:service:region:account-id:resource-id",
  "Severity": "high",
  "ResourceType": "AwsIamUser",
  "Description": "Ensure users of groups with AdministratorAccess policy have MFA tokens enabled",
  "Risk": "Policy may allow Anonymous users to perform actions.",
  "RelatedUrl": "",
  "Remediation": {
    "Code": {
      "CLI": "",
      "NativeIaC": "",
      "Other": "",
      "Terraform": ""
    },
    "Recommendation": {
      "Text": "Ensure this repository and its contents should be publicly accessible.",
      "Url": "https://docs.aws.amazon.com/IAM/latest/UserGuide/id_credentials_mfa_enable_virtual.html"
    }
  },
  "Categories": [],
  "DependsOn": [],
  "RelatedTo": [],
  "Notes": ""
}
