{
  "Provider": "aws",
  "CheckID": "cloudwatch_cross_account_sharing_disabled",
  "CheckTitle": "Check if CloudWatch has allowed cross-account sharing.",
  "CheckType": [
    "Logging and Monitoring"
  ],
  "ServiceName": "cloudwatch",
  "SubServiceName": "",
  "ResourceIdTemplate": "arn:partition:cloudwatch:region:account-id:certificate/resource-id",
  "Severity": "medium",
  "ResourceType": "AwsCloudWatch",
  "Description": "Check if CloudWatch has allowed cross-account sharing.",
  "Risk": "Cross-Account access to CloudWatch could increase the risk of compromising information between accounts.",
  "RelatedUrl": "https://docs.aws.amazon.com/AmazonCloudWatch/latest/monitoring/Cross-Account-Cross-Region.html",
  "Remediation": {
    "Code": {
      "CLI": "",
      "NativeIaC": "",
      "Other": "",
      "Terraform": ""
    },
    "Recommendation": {
      "Text": "Grant usage permission on a per-resource basis to enforce least privilege and Zero Trust principles.",
      "Url": "https://docs.aws.amazon.com/AmazonCloudWatch/latest/monitoring/Cross-Account-Cross-Region.html"
    }
  },
  "Categories": [],
  "DependsOn": [],
  "RelatedTo": [],
  "Notes": ""
}
