{
  "Provider": "aws",
  "CheckID": "elbv2_ssl_listeners",
  "CheckTitle": "Check if Elastic Load Balancers have SSL listeners.",
  "CheckType": [
    "Data Protection"
  ],
  "ServiceName": "elbv2",
  "SubServiceName": "",
  "ResourceIdTemplate": "arn:partition:service:region:account-id:resource-id",
  "Severity": "medium",
  "ResourceType": "AwsElasticLoadBalancingV2LoadBalancer",
  "Description": "Check if Elastic Load Balancers have SSL listeners.",
  "Risk": "Clear text communication could affect privacy of information in transit.",
  "RelatedUrl": "",
  "Remediation": {
    "Code": {
      "CLI": "aws elbv2 create-listener --load-balancer-arn <lb_arn> --protocol HTTPS --port 443 --ssl-policy <ssl_policy> --certificates CertificateArn=<certificate_arn>,IsDefault=true",
      "NativeIaC": "",
      "Other": "https://docs.bridgecrew.io/docs/networking_36#aws-ec2-console",
      "Terraform": ""
    },
    "Recommendation": {
      "Text": "Scan for Load Balancers with HTTP or TCP listeners and understand the reason for each of them. Check if the listener can be implemented as TLS instead.",
      "Url": "https://docs.aws.amazon.com/elasticloadbalancing/latest/application/create-https-listener.html"
    }
  },
  "Categories": [
    "encryption"
  ],
  "DependsOn": [],
  "RelatedTo": [],
  "Notes": ""
}
