{
  "Provider": "aws",
  "CheckID": "guardduty_no_high_severity_findings",
  "CheckTitle": "There are High severity GuardDuty findings ",
  "CheckType": [],
  "ServiceName": "guardduty",
  "SubServiceName": "",
  "ResourceIdTemplate": "arn:aws:sagemaker:region:account-id",
  "Severity": "high",
  "ResourceType": "AwsGuardDutyDetector",
  "Description": "There are High severity GuardDuty findings ",
  "Risk": "If critical findings are not addressed threats can spread in the environment.",
  "RelatedUrl": "https://docs.aws.amazon.com/guardduty/latest/ug/guardduty_findings.html",
  "Remediation": {
    "Code": {
      "CLI": "https://www.trendmicro.com/cloudoneconformity/knowledge-base/aws/GuardDuty/findings.html",
      "NativeIaC": "",
      "Other": "https://www.trendmicro.com/cloudoneconformity/knowledge-base/aws/GuardDuty/findings.html",
      "Terraform": ""
    },
    "Recommendation": {
      "Text": "Review and remediate critical GuardDuty findings as quickly as possible.",
      "Url": "https://docs.aws.amazon.com/guardduty/latest/ug/guardduty_findings.html"
    }
  },
  "Categories": [],
  "DependsOn": [],
  "RelatedTo": [],
  "Notes": ""
}
