{
  "Provider": "aws",
  "CheckID": "glue_development_endpoints_cloudwatch_logs_encryption_enabled",
  "CheckTitle": "Check if Glue development endpoints have CloudWatch logs encryption enabled.",
  "CheckType": [
    "Software and Configuration Checks/Industry and Regulatory Standards/CIS AWS Foundations Benchmark"
  ],
  "ServiceName": "glue",
  "SubServiceName": "",
  "ResourceIdTemplate": "arn:partition:glue:region:account-id:certificate/resource-id",
  "Severity": "medium",
  "ResourceType": "AwsGlue",
  "Description": "Check if Glue development endpoints have CloudWatch logs encryption enabled.",
  "Risk": "If not enabled sensitive information at rest is not protected.",
  "RelatedUrl": "https://docs.aws.amazon.com/glue/latest/dg/console-security-configurations.html",
  "Remediation": {
    "Code": {
      "CLI": "aws glue create-security-configuration --name cw-encrypted-sec-config --encryption-configuration {'CloudWatchEncryption': [{'CloudWatchEncryptionMode': 'SSE-KMS','KmsKeyArn': <kms_arn>}]}",
      "NativeIaC": "https://docs.bridgecrew.io/docs/bc_aws_general_41#cloudformation",
      "Other": "https://www.trendmicro.com/cloudoneconformity/knowledge-base/aws/Glue/cloud-watch-logs-encryption-enabled.html",
      "Terraform": "https://docs.bridgecrew.io/docs/bc_aws_general_41#terraform"
    },
    "Recommendation": {
      "Text": "Enable Encryption in the Security configurations.",
      "Url": "https://docs.aws.amazon.com/glue/latest/dg/console-security-configurations.html"
    }
  },
  "Categories": [
    "encryption"
  ],
  "DependsOn": [],
  "RelatedTo": [],
  "Notes": "Data Protection"
}
