{
  "Provider": "aws",
  "CheckID": "elb_ssl_listeners",
  "CheckTitle": "Check if Elastic Load Balancers have SSL listeners.",
  "CheckType": [
    "Data Protection"
  ],
  "ServiceName": "elb",
  "SubServiceName": "",
  "ResourceIdTemplate": "arn:partition:service:region:account-id:resource-id",
  "Severity": "medium",
  "ResourceType": "AwsElbLoadBalancer",
  "Description": "Check if Elastic Load Balancers have SSL listeners.",
  "Risk": "Clear text communication could affect privacy of information in transit.",
  "RelatedUrl": "",
  "Remediation": {
    "Code": {
      "CLI": "aws elb create-load-balancer-listeners --load-balancer-name <lb_name> --listeners Protocol=HTTPS, LoadBalancerPort=443, InstanceProtocol=HTTP, InstancePort=80, SSLCertificateId=<certificate_arn>",
      "NativeIaC": "",
      "Other": "https://www.trendmicro.com/cloudoneconformity/knowledge-base/aws/ELB/elb-listener-security.html",
      "Terraform": ""
    },
    "Recommendation": {
      "Text": "Scan for Load Balancers with HTTP or TCP listeners and understand the reason for each of them. Check if the listener can be implemented as TLS instead..",
      "Url": "https://docs.aws.amazon.com/elasticloadbalancing/latest/application/create-https-listener.html"
    }
  },
  "Categories": [
    "encryption"
  ],
  "DependsOn": [],
  "RelatedTo": [],
  "Notes": ""
}
