{
  "Provider": "aws",
  "CheckID": "glue_development_endpoints_s3_encryption_enabled",
  "CheckTitle": "Check if Glue development endpoints have S3 encryption enabled.",
  "CheckType": [
    "Software and Configuration Checks/Industry and Regulatory Standards/CIS AWS Foundations Benchmark"
  ],
  "ServiceName": "glue",
  "SubServiceName": "",
  "ResourceIdTemplate": "arn:partition:glue:region:account-id:certificate/resource-id",
  "Severity": "medium",
  "ResourceType": "AwsGlue",
  "Description": "Check if Glue development endpoints have S3 encryption enabled.",
  "Risk": "Data exfiltration could happen if information is not protected. KMS keys provide additional security level to IAM policies.",
  "RelatedUrl": "https://docs.aws.amazon.com/glue/latest/dg/encryption-security-configuration.html",
  "Remediation": {
    "Code": {
      "CLI": "aws glue create-security-configuration --name s3-encrypted-sec-config --encryption-configuration {'S3Encryption': [{'S3EncryptionMode': 'SSE-KMS','KmsKeyArn': <kms_arn>}]}",
      "NativeIaC": "https://docs.bridgecrew.io/docs/bc_aws_general_41#cloudformation",
      "Other": "https://www.trendmicro.com/cloudoneconformity/knowledge-base/aws/Glue/s3-encryption-enabled.html",
      "Terraform": "https://docs.bridgecrew.io/docs/bc_aws_general_41#terraform"
    },
    "Recommendation": {
      "Text": "Specify AWS KMS keys to use for input and output from S3 and EBS.",
      "Url": "https://docs.aws.amazon.com/glue/latest/dg/encryption-security-configuration.html"
    }
  },
  "Categories": [
    "encryption"
  ],
  "DependsOn": [],
  "RelatedTo": [],
  "Notes": "Data Protection"
}
