{
  "Provider": "aws",
  "CheckID": "efs_have_backup_enabled",
  "CheckTitle": "Check if EFS File systems have backup enabled",
  "CheckType": [
    "Recover",
    "Resilience",
    "Backup"
  ],
  "ServiceName": "efs",
  "SubServiceName": "",
  "ResourceIdTemplate": "arn:partition:service:region:account-id:resource-id",
  "Severity": "medium",
  "ResourceType": "AwsEFSFileSystem",
  "Description": "Check if EFS File systems have backup enabled",
  "Risk": "If backup is not enabled, data is vulnerable. Human error or bad actors could erase or modify data.",
  "RelatedUrl": "",
  "Remediation": {
    "Code": {
      "CLI": "",
      "NativeIaC": "",
      "Other": "",
      "Terraform": ""
    },
    "Recommendation": {
      "Text": "Enable automated backup for production data. Define a retention period and periodically test backup restoration. A Disaster Recovery process should be in place to govern Data Protection approach.",
      "Url": "https://docs.aws.amazon.com/efs/latest/ug/whatisefs.html"
    }
  },
  "Categories": [],
  "DependsOn": [],
  "RelatedTo": [],
  "Notes": ""
}
