{
  "Provider": "aws",
  "CheckID": "elb_internet_facing",
  "CheckTitle": "Check for internet facing Elastic Load Balancers.",
  "CheckType": [
    "Data Protection"
  ],
  "ServiceName": "elb",
  "SubServiceName": "",
  "ResourceIdTemplate": "arn:partition:service:region:account-id:resource-id",
  "Severity": "medium",
  "ResourceType": "AwsElbLoadBalancer",
  "Description": "Check for internet facing Elastic Load Balancers.",
  "Risk": "Publicly accessible load balancers could expose sensitive data to bad actors.",
  "RelatedUrl": "",
  "Remediation": {
    "Code": {
      "CLI": "",
      "NativeIaC": "",
      "Other": "https://www.trendmicro.com/cloudoneconformity/knowledge-base/aws/ELB/internet-facing-load-balancers.html",
      "Terraform": ""
    },
    "Recommendation": {
      "Text": "Ensure the load balancer should be publicly accessible. If publicly exposed ensure a WAF ACL is implemented.",
      "Url": "https://docs.aws.amazon.com/waf/latest/developerguide/web-acl-associating-aws-resource.html"
    }
  },
  "Categories": [],
  "DependsOn": [],
  "RelatedTo": [],
  "Notes": ""
}
