{
  "Provider": "aws",
  "CheckID": "elbv2_request_smugling",
  "CheckTitle": "Check if Application Load Balancer is dropping invalid packets to prevent header based HTTP request smuggling.",
  "CheckType": [
    "Data Protection"
  ],
  "ServiceName": "elbv2",
  "SubServiceName": "",
  "ResourceIdTemplate": "arn:partition:service:region:account-id:resource-id",
  "Severity": "medium",
  "ResourceType": "AwsElasticLoadBalancingV2LoadBalancer",
  "Description": "Check if Application Load Balancer is dropping invalid packets to prevent header based HTTP request smuggling.",
  "Risk": "ALB can be target of actors sending bad HTTP headers.",
  "RelatedUrl": "",
  "Remediation": {
    "Code": {
      "CLI": "aws elbv2 modify-load-balancer-attributes --load-balancer-arn <lb_arn> --attributes Key=routing.http.drop_invalid_header_fields.enabled,Value=true",
      "NativeIaC": "",
      "Other": "https://www.trendmicro.com/cloudoneconformity/knowledge-base/aws/ELBv2/drop-invalid-header-fields-enabled.html",
      "Terraform": "https://docs.bridgecrew.io/docs/ensure-that-alb-drops-http-headers#terraform"
    },
    "Recommendation": {
      "Text": "Ensure Application Load Balancer is configured for HTTP headers with header fields that are not valid are removed by the load balancer (true).",
      "Url": "https://docs.aws.amazon.com/elasticloadbalancing/latest/application/application-load-balancers.html#deletion-protection"
    }
  },
  "Categories": [],
  "DependsOn": [],
  "RelatedTo": [],
  "Notes": ""
}
