{
  "Provider": "aws",
  "CheckID": "cloudtrail_s3_dataevents_read_enabled",
  "CheckTitle": "Check if S3 buckets have Object-level logging for read events is enabled in CloudTrail.",
  "CheckType": [
    "Logging and Monitoring"
  ],
  "ServiceName": "cloudtrail",
  "SubServiceName": "",
  "ResourceIdTemplate": "arn:partition:service:region:account-id:resource-id",
  "Severity": "low",
  "ResourceType": "AwsS3Bucket",
  "Description": "Ensure that all your AWS CloudTrail trails are configured to log Data events in order to record S3 object-level API operations, such as GetObject, DeleteObject and PutObject, for individual S3 buckets or for all current and future S3 buckets provisioned in your AWS account.",
  "Risk": "If logs are not enabled, monitoring of service use and threat analysis is not possible.",
  "RelatedUrl": "",
  "Remediation": {
    "Code": {
      "CLI": "aws cloudtrail put-event-selectors --trail-name <YOUR_TRAIL_NAME_HERE> --event-selectors '[{ 'ReadWriteType': 'ReadOnly', 'IncludeManagementEvents':true, 'DataResources': [{ 'Type': 'AWS::S3::Object', 'Values': ['arn:aws:s3'] }] }]'",
      "NativeIaC": "",
      "Other": "",
      "Terraform": ""
    },
    "Recommendation": {
      "Text": "Enable logs. Create an S3 lifecycle policy. Define use cases, metrics and automated responses where applicable.",
      "Url": "https://docs.aws.amazon.com/AmazonS3/latest/userguide/enable-cloudtrail-logging-for-s3.html"
    }
  },
  "Categories": [],
  "DependsOn": [],
  "RelatedTo": [],
  "Notes": ""
}
