{
  "Provider": "aws",
  "CheckID": "emr_cluster_master_nodes_no_public_ip",
  "CheckTitle": "EMR Cluster without Public IP.",
  "CheckType": [],
  "ServiceName": "emr",
  "SubServiceName": "",
  "ResourceIdTemplate": "arn:aws:emr:region:account-id",
  "Severity": "medium",
  "ResourceType": "AwsEMR",
  "Description": "EMR Cluster without Public IP.",
  "Risk": "EMR Cluster should not have Public IP.",
  "RelatedUrl": "https://docs.aws.amazon.com/emr/latest/ManagementGuide/emr-block-public-access.html",
  "Remediation": {
    "Code": {
      "CLI": "",
      "NativeIaC": "",
      "Other": "",
      "Terraform": ""
    },
    "Recommendation": {
      "Text": "Only make acceptable EMR clusters public.",
      "Url": "https://docs.aws.amazon.com/emr/latest/ManagementGuide/emr-block-public-access.html"
    }
  },
  "Categories": [],
  "DependsOn": [],
  "RelatedTo": [],
  "Notes": ""
}
