{
  "Provider": "aws",
  "CheckID": "acm_certificates_transparency_logs_enabled",
  "CheckTitle": "Check if ACM certificates have Certificate Transparency logging enabled",
  "CheckType": [
    "Logging and Monitoring"
  ],
  "ServiceName": "acm",
  "SubServiceName": "",
  "ResourceIdTemplate": "arn:partition:acm:region:account-id:certificate/resource-id",
  "Severity": "medium",
  "ResourceType": "AwsCertificateManagerCertificate",
  "Description": "Check if ACM certificates have Certificate Transparency logging enabled",
  "Risk": "Domain owners can search the log to identify unexpected certificates, whether issued by mistake or malice. Domain owners can also identify Certificate Authorities (CAs) that are improperly issuing certificates.",
  "RelatedUrl": "https://aws.amazon.com/blogs/security/how-to-get-ready-for-certificate-transparency/",
  "Remediation": {
    "Code": {
      "CLI": "",
      "NativeIaC": "",
      "Other": "",
      "Terraform": ""
    },
    "Recommendation": {
      "Text": "Make sure you are logging information about Lambda operations. Create a lifecycle and use cases for each trail.",
      "Url": "https://aws.amazon.com/blogs/security/how-to-get-ready-for-certificate-transparency/"
    }
  },
  "Categories": [],
  "DependsOn": [],
  "RelatedTo": [],
  "Notes": ""
}
