{
  "Provider": "aws",
  "CheckID": "glue_data_catalogs_connection_passwords_encryption_enabled",
  "CheckTitle": "Check if Glue data catalog settings have encrypt connection password enabled.",
  "CheckType": [
    "Software and Configuration Checks/Industry and Regulatory Standards/CIS AWS Foundations Benchmark"
  ],
  "ServiceName": "glue",
  "SubServiceName": "",
  "ResourceIdTemplate": "arn:partition:glue:region:account-id:certificate/resource-id",
  "Severity": "medium",
  "ResourceType": "AwsGlue",
  "Description": "Check if Glue data catalog settings have encrypt connection password enabled.",
  "Risk": "If not enabled sensitive information at rest is not protected.",
  "RelatedUrl": "",
  "Remediation": {
    "Code": {
      "CLI": "aws glue put-data-catalog-encryption-settings --data-catalog-encryption-settings ConnectionPasswordEncryption={ReturnConnectionPasswordEncrypted=True,AwsKmsKeyId=<ksm_key_arn>",
      "NativeIaC": "https://docs.bridgecrew.io/docs/bc_aws_general_37#cloudformation",
      "Other": "",
      "Terraform": "https://docs.bridgecrew.io/docs/bc_aws_general_37#terraform"
    },
    "Recommendation": {
      "Text": "On the AWS Glue console; you can enable this option on the Data catalog settings page.",
      "Url": "https://docs.aws.amazon.com/glue/latest/dg/encrypt-connection-passwords.html"
    }
  },
  "Categories": [
    "encryption"
  ],
  "DependsOn": [],
  "RelatedTo": [],
  "Notes": "Data Protection"
}
