{
  "Provider": "aws",
  "CheckID": "appstream_fleet_session_disconnect_timeout",
  "CheckTitle": "Ensure session disconnect timeout is set to 5 minutes or less.",
  "CheckType": [
    "Software and Configuration Checks",
    "Industry and Regulatory Standards",
    "CIS AWS Foundations Benchmark"
  ],
  "ServiceName": "appstream",
  "SubServiceName": "",
  "ResourceIdTemplate": "arn:partition:appstream:region:account-id:fleet/resource-id",
  "Severity": "medium",
  "ResourceType": "AppStream",
  "Description": "Ensure session disconnect timeout is set to 5 minutes or less",
  "Risk": "Disconnect timeout in minutes, is the amount of of time that a streaming session remains active after users disconnect.",
  "RelatedUrl": "https://docs.aws.amazon.com/appstream2/latest/developerguide/set-up-stacks-fleets.html",
  "Remediation": {
    "Code": {
      "CLI": "",
      "NativeIaC": "",
      "Other": "",
      "Terraform": ""
    },
    "Recommendation": {
      "Text": "Change the Disconnect timeout to 5 minutes or less for the AppStream Fleet.",
      "Url": "https://docs.aws.amazon.com/appstream2/latest/developerguide/set-up-stacks-fleets.html"
    }
  },
  "Categories": [],
  "DependsOn": [],
  "RelatedTo": [],
  "Notes": "Infrastructure Security"
}
