{
  "Provider": "aws",
  "CheckID": "guardduty_is_enabled",
  "CheckTitle": "Check if GuardDuty is enabled",
  "CheckType": [],
  "ServiceName": "guardduty",
  "SubServiceName": "",
  "ResourceIdTemplate": "arn:aws:sagemaker:region:account-id",
  "Severity": "medium",
  "ResourceType": "AwsGuardDutyDetector",
  "Description": "Check if GuardDuty is enabled",
  "Risk": "Amazon GuardDuty is a continuous security monitoring service that analyzes and processes several datasources.",
  "RelatedUrl": "https://docs.aws.amazon.com/guardduty/latest/ug/guardduty_settingup.html",
  "Remediation": {
    "Code": {
      "CLI": "https://www.trendmicro.com/cloudoneconformity/knowledge-base/aws/GuardDuty/guardduty-enabled.html",
      "NativeIaC": "",
      "Other": "https://www.trendmicro.com/cloudoneconformity/knowledge-base/aws/GuardDuty/guardduty-enabled.html",
      "Terraform": "https://docs.bridgecrew.io/docs/ensure-guardduty-is-enabled-to-specific-orgregion#fix---buildtime"
    },
    "Recommendation": {
      "Text": "Enable GuardDuty and analyze its findings.",
      "Url": "https://docs.aws.amazon.com/guardduty/latest/ug/guardduty_settingup.html"
    }
  },
  "Categories": [
    "forensics-ready"
  ],
  "DependsOn": [],
  "RelatedTo": [],
  "Notes": ""
}
