{
  "Provider": "aws",
  "CheckID": "elbv2_insecure_ssl_ciphers",
  "CheckTitle": "Check if Elastic Load Balancers have insecure SSL ciphers.",
  "CheckType": [
    "Data Protection"
  ],
  "ServiceName": "elbv2",
  "SubServiceName": "",
  "ResourceIdTemplate": "arn:partition:service:region:account-id:resource-id",
  "Severity": "medium",
  "ResourceType": "AwsElasticLoadBalancingV2LoadBalancer",
  "Description": "Check if Elastic Load Balancers have insecure SSL ciphers.",
  "Risk": "Using insecure ciphers could affect privacy of in transit information.",
  "RelatedUrl": "",
  "Remediation": {
    "Code": {
      "CLI": "aws elbv2 modify-listener --listener-arn <lb_arn> --ssl-policy ELBSecurityPolicy-TLS13-1-2-Ext2-2021-06",
      "NativeIaC": "",
      "Other": "https://www.trendmicro.com/cloudoneconformity/knowledge-base/aws/ELBv2/security-policy.html",
      "Terraform": "https://docs.bridgecrew.io/docs/bc_aws_general_43#terraform"
    },
    "Recommendation": {
      "Text": "Use a Security policy with a ciphers that are stronger as possible. Drop legacy and unsecure ciphers.",
      "Url": "https://docs.aws.amazon.com/elasticloadbalancing/latest/application/create-https-listener.html#describe-ssl-policies"
    }
  },
  "Categories": [
    "encryption"
  ],
  "DependsOn": [],
  "RelatedTo": [],
  "Notes": ""
}
