{
  "Provider": "aws",
  "CheckID": "directoryservice_ldap_certificate_expiration",
  "CheckTitle": "Directory Service LDAP Certificates expiration.",
  "CheckType": [],
  "ServiceName": "directoryservice",
  "SubServiceName": "",
  "ResourceIdTemplate": "arn:partition:codeartifact:region:account-id:directory/directory-id",
  "Severity": "medium",
  "ResourceType": "AwsDirectoryService",
  "Description": "Directory Service Manual Snapshots limit reached.",
  "Risk": "Expired certificates can impact service availability.",
  "RelatedUrl": "https://docs.aws.amazon.com/directoryservice/latest/admin-guide/ms_ad_ldap.html",
  "Remediation": {
    "Code": {
      "CLI": "",
      "NativeIaC": "",
      "Other": "",
      "Terraform": ""
    },
    "Recommendation": {
      "Text": "Monitor certificate expiration and take automated action to alarm responsible team for taking care of the replacement or remove.",
      "Url": "https://docs.aws.amazon.com/directoryservice/latest/admin-guide/ms_ad_ldap.html"
    }
  },
  "Categories": [],
  "DependsOn": [],
  "RelatedTo": [],
  "Notes": ""
}
