{
  "Provider": "aws",
  "CheckID": "efs_not_publicly_accessible",
  "CheckTitle": "Check if EFS have policies which allow access to everyone",
  "CheckType": [
    "Protect",
    "Data protection"
  ],
  "ServiceName": "efs",
  "SubServiceName": "",
  "ResourceIdTemplate": "arn:partition:service:region:account-id:resource-id",
  "Severity": "critical",
  "ResourceType": "AwsEFSFileSystem",
  "Description": "Check if EFS have policies which allow access to everyone",
  "Risk": "EFS accessible to everyone could expose sensitive data to bad actors",
  "RelatedUrl": "",
  "Remediation": {
    "Code": {
      "CLI": "",
      "NativeIaC": "",
      "Other": "",
      "Terraform": ""
    },
    "Recommendation": {
      "Text": "Ensure efs has some policy but it does not have principle as *",
      "Url": "https://docs.aws.amazon.com/efs/latest/ug/access-control-block-public-access.html"
    }
  },
  "Categories": [],
  "DependsOn": [],
  "RelatedTo": [],
  "Notes": ""
}
