{
  "Provider": "aws",
  "CheckID": "emr_cluster_account_public_block_enabled",
  "CheckTitle": "EMR Account Public Access Block enabled.",
  "CheckType": [],
  "ServiceName": "emr",
  "SubServiceName": "",
  "ResourceIdTemplate": "arn:aws:emr:region:account-id",
  "Severity": "high",
  "ResourceType": "AwsEMR",
  "Description": "EMR Account Public Access Block enabled.",
  "Risk": "EMR Clusters must have Account Public Access Block enabled.",
  "RelatedUrl": "https://docs.aws.amazon.com/emr/latest/ManagementGuide/emr-block-public-access.html",
  "Remediation": {
    "Code": {
      "CLI": "",
      "NativeIaC": "",
      "Other": "https://github.com/cloudmatos/matos/tree/master/remediations/aws/emr/block-emr-public-access",
      "Terraform": ""
    },
    "Recommendation": {
      "Text": "Enable EMR Account Public Access Block.",
      "Url": "https://docs.aws.amazon.com/emr/latest/ManagementGuide/emr-block-public-access.html"
    }
  },
  "Categories": [],
  "DependsOn": [],
  "RelatedTo": [],
  "Notes": ""
}
