{
  "Provider": "aws",
  "CheckID": "elbv2_logging_enabled",
  "CheckTitle": "Check if Elastic Load Balancers have logging enabled.",
  "CheckType": [
    "Logging and Monitoring"
  ],
  "ServiceName": "elbv2",
  "SubServiceName": "",
  "ResourceIdTemplate": "arn:partition:service:region:account-id:resource-id",
  "Severity": "medium",
  "ResourceType": "AwsElasticLoadBalancingV2LoadBalancer",
  "Description": "Check if Elastic Load Balancers have logging enabled.",
  "Risk": "If logs are not enabled monitoring of service use and threat analysis is not possible.",
  "RelatedUrl": "",
  "Remediation": {
    "Code": {
      "CLI": "aws elbv2 modify-load-balancer-attributes --load-balancer-arn <lb_arn> --attributes Key=access_logs.s3.enabled,Value=true Key=access_logs.s3.bucket,Value=<bucket_name> Key=access_logs.s3.prefix,Value=<prefix>",
      "NativeIaC": "https://docs.bridgecrew.io/docs/bc_aws_logging_22#cloudformation",
      "Other": "https://www.trendmicro.com/cloudoneconformity/knowledge-base/aws/ELBv2/access-log.html",
      "Terraform": "https://docs.bridgecrew.io/docs/bc_aws_logging_22#terraform"
    },
    "Recommendation": {
      "Text": "Enable ELB logging, create la log lifecycle and define use cases.",
      "Url": "https://docs.aws.amazon.com/elasticloadbalancing/latest/application/load-balancer-access-logs.html"
    }
  },
  "Categories": [],
  "DependsOn": [],
  "RelatedTo": [],
  "Notes": ""
}
