{
  "Provider": "aws",
  "CheckID": "ec2_securitygroup_in_use_without_ingress_filtering",
  "CheckTitle": "Ensure there are no Security Groups without ingress filtering being used.",
  "CheckType": [
    "Infrastructure Security"
  ],
  "ServiceName": "ec2",
  "SubServiceName": "securitygroup",
  "ResourceIdTemplate": "arn:partition:service:region:account-id:resource-id",
  "Severity": "high",
  "ResourceType": "AwsEc2SecurityGroup",
  "Description": "Ensure there are no Security Groups without ingress filtering being used.",
  "Risk": "If Security groups are not filtering traffic appropriately the attack surface is increased.",
  "RelatedUrl": "",
  "Remediation": {
    "Code": {
      "CLI": "",
      "NativeIaC": "",
      "Other": "",
      "Terraform": ""
    },
    "Recommendation": {
      "Text": "You can grant access to a specific CIDR range or to another security group in your VPC or in a peer VPC.",
      "Url": "https://docs.aws.amazon.com/vpc/latest/userguide/VPC_SecurityGroups.html"
    }
  },
  "Categories": [
    "internet-exposed"
  ],
  "DependsOn": [],
  "RelatedTo": [],
  "Notes": ""
}
