{
  "Provider": "aws",
  "CheckID": "ec2_securitygroup_from_launch_wizard",
  "CheckTitle": "Security Groups created by EC2 Launch Wizard.",
  "CheckType": [
    "Infrastructure Security"
  ],
  "ServiceName": "ec2",
  "SubServiceName": "securitygroup",
  "ResourceIdTemplate": "arn:partition:service:region:account-id:resource-id",
  "Severity": "medium",
  "ResourceType": "AwsEc2SecurityGroup",
  "Description": "Security Groups created by EC2 Launch Wizard.",
  "Risk": "Security Groups Created on the AWS Console using the EC2 wizard may allow port 22 from 0.0.0.0/0.",
  "RelatedUrl": "",
  "Remediation": {
    "Code": {
      "CLI": "",
      "NativeIaC": "",
      "Other": "https://www.trendmicro.com/cloudoneconformity/knowledge-base/aws/EC2/security-group-prefixed-with-launch-wizard.html",
      "Terraform": ""
    },
    "Recommendation": {
      "Text": "Apply Zero Trust approach. Implement a process to scan and remediate security groups created by the EC2 Wizard. Recommended best practices is to use an authorized security group.",
      "Url": "https://docs.aws.amazon.com/eks/latest/userguide/sec-group-reqs.html"
    }
  },
  "Categories": [],
  "DependsOn": [],
  "RelatedTo": [],
  "Notes": ""
}
