{
  "Provider": "aws",
  "CheckID": "glacier_vaults_policy_public_access",
  "CheckTitle": "Check if S3 Glacier vaults have policies which allow access to everyone.",
  "CheckType": [],
  "ServiceName": "glacier",
  "SubServiceName": "",
  "ResourceIdTemplate": "arn:aws:glacier:region:account-id:vaults/vault-name",
  "Severity": "critical",
  "ResourceType": "AwsGlacierVault",
  "Description": "Ensure CodeArtifact internal packages do not allow external public source publishing.",
  "Risk": "Vaults accessible to everyone could expose sensitive data to bad actors.",
  "RelatedUrl": "https://docs.aws.amazon.com/amazonglacier/latest/dev/access-control-overview.html",
  "Remediation": {
    "Code": {
      "CLI": "",
      "NativeIaC": "",
      "Other": "",
      "Terraform": "https://docs.bridgecrew.io/docs/ensure-glacier-vault-access-policy-is-not-public-by-only-allowing-specific-services-or-principals-to-access-it#terraform"
    },
    "Recommendation": {
      "Text": "Ensure vault policy does not have principle as *.",
      "Url": "https://docs.aws.amazon.com/amazonglacier/latest/dev/access-control-overview.html"
    }
  },
  "Categories": [],
  "DependsOn": [],
  "RelatedTo": [],
  "Notes": ""
}
