{
  "Provider": "aws",
  "CheckID": "elb_insecure_ssl_ciphers",
  "CheckTitle": "Check if Elastic Load Balancers have insecure SSL ciphers.",
  "CheckType": [
    "Data Protection"
  ],
  "ServiceName": "elb",
  "SubServiceName": "",
  "ResourceIdTemplate": "arn:partition:service:region:account-id:resource-id",
  "Severity": "medium",
  "ResourceType": "AwsElbLoadBalancer",
  "Description": "Check if Elastic Load Balancers have insecure SSL ciphers.",
  "Risk": "Using insecure ciphers could affect privacy of in transit information.",
  "RelatedUrl": "",
  "Remediation": {
    "Code": {
      "CLI": "aws elb set-load-balancer-policies-of-listener --load-balancer-name <lb_name> --load-balancer-port 443 --policy-names ELBSecurityPolicy-TLS-1-2-2017-01",
      "NativeIaC": "",
      "Other": "https://www.trendmicro.com/cloudoneconformity/knowledge-base/aws/ELB/elb-security-policy.html",
      "Terraform": "https://docs.bridgecrew.io/docs/bc_aws_general_43#terraform"
    },
    "Recommendation": {
      "Text": "Use a Security policy with a ciphers that are stronger as possible. Drop legacy and unsecure ciphers.",
      "Url": "https://docs.aws.amazon.com/elasticloadbalancing/latest/application/create-https-listener.html#describe-ssl-policies"
    }
  },
  "Categories": [
    "encryption"
  ],
  "DependsOn": [],
  "RelatedTo": [],
  "Notes": ""
}
