{
  "Provider": "aws",
  "CheckID": "appstream_fleet_maximum_session_duration",
  "CheckTitle": "Ensure user maximum session duration is no longer than 10 hours.",
  "CheckType": [
    "Infrastructure Security"
  ],
  "ServiceName": "appstream",
  "SubServiceName": "",
  "ResourceIdTemplate": "arn:partition:appstream:region:account-id:fleet/resource-id",
  "Severity": "medium",
  "ResourceType": "AppStream",
  "Description": "Ensure user maximum session duration is no longer than 10 hours.",
  "Risk": "Having a session duration lasting longer than 10 hours should not be necessary and if running for any malicious reasons provides a greater time for usage than should be allowed.",
  "RelatedUrl": "https://docs.aws.amazon.com/appstream2/latest/developerguide/set-up-stacks-fleets.html",
  "Remediation": {
    "Code": {
      "CLI": "",
      "NativeIaC": "",
      "Other": "",
      "Terraform": ""
    },
    "Recommendation": {
      "Text": "Change the Maximum session duration is set to 600 minutes or less for the AppStream Fleet.",
      "Url": "https://docs.aws.amazon.com/appstream2/latest/developerguide/set-up-stacks-fleets.html"
    }
  },
  "Categories": [],
  "DependsOn": [],
  "RelatedTo": [],
  "Notes": "Infrastructure Security"
}
