{
  "Provider": "aws",
  "CheckID": "glue_data_catalogs_metadata_encryption_enabled",
  "CheckTitle": "Check if Glue data catalog settings have metadata encryption enabled.",
  "CheckType": [
    "Software and Configuration Checks/Industry and Regulatory Standards/CIS AWS Foundations Benchmark"
  ],
  "ServiceName": "glue",
  "SubServiceName": "",
  "ResourceIdTemplate": "arn:partition:glue:region:account-id:certificate/resource-id",
  "Severity": "medium",
  "ResourceType": "AwsGlue",
  "Description": "Check if Glue data catalog settings have metadata encryption enabled.",
  "Risk": "If not enabled sensitive information at rest is not protected.",
  "RelatedUrl": "",
  "Remediation": {
    "Code": {
      "CLI": "aws glue put-data-catalog-encryption-settings --data-catalog-encryption-settings EncryptionAtRest={CatalogEncryptionMode=SSE-KMS,SseAwsKmsKeyId=<ksm_key_arn>",
      "NativeIaC": "https://docs.bridgecrew.io/docs/bc_aws_general_37#cloudformation",
      "Other": "https://www.trendmicro.com/cloudoneconformity/knowledge-base/aws/Glue/data-catalog-encryption-at-rest.html",
      "Terraform": "https://docs.bridgecrew.io/docs/bc_aws_general_37#terraform"
    },
    "Recommendation": {
      "Text": "Enable Encryption. Use a CMK where possible. It will provide additional management and privacy benefits.",
      "Url": "https://docs.aws.amazon.com/glue/latest/dg/encrypt-glue-data-catalog.html"
    }
  },
  "Categories": [
    "encryption"
  ],
  "DependsOn": [],
  "RelatedTo": [],
  "Notes": "Data Protection"
}
